[
{
    "pk": 1, 
    "model": "firstapp.feedback", 
    "fields": {
        "q1": "1", 
        "q3": "1", 
        "q2": "1", 
        "q5": "1", 
        "q4": "1", 
        "q7": "1", 
        "q6": "1", 
        "q9": "1", 
        "q8": "1", 
        "q15": "1", 
        "q14": "1", 
        "q11": "1", 
        "q10": "1", 
        "q13": "1", 
        "q12": "1"
    }
},
{
    "pk": 2, 
    "model": "firstapp.feedback", 
    "fields": {
        "q1": "1", 
        "q3": "1", 
        "q2": "1", 
        "q5": "1", 
        "q4": "1", 
        "q7": "1", 
        "q6": "1", 
        "q9": "1", 
        "q8": "1", 
        "q15": "1", 
        "q14": "1", 
        "q11": "1", 
        "q10": "1", 
        "q13": "1", 
        "q12": "1"
    }
},
{
    "pk": 3, 
    "model": "firstapp.feedback", 
    "fields": {
        "q1": "1", 
        "q3": "1", 
        "q2": "1", 
        "q5": "1", 
        "q4": "1", 
        "q7": "1", 
        "q6": "1", 
        "q9": "1", 
        "q8": "1", 
        "q15": "1", 
        "q14": "1", 
        "q11": "1", 
        "q10": "1", 
        "q13": "1", 
        "q12": "1"
    }
},
{
    "pk": 2, 
    "model": "firstapp.course", 
    "fields": {
        "content": "documents/part_1.pdf", 
        "name": "Basics of C Programming"
    }
},
{
    "pk": 3, 
    "model": "firstapp.course", 
    "fields": {
        "content": "documents/part_2.pdf", 
        "name": "Decision making"
    }
},
{
    "pk": 4, 
    "model": "firstapp.course", 
    "fields": {
        "content": "documents/part_3.pdf", 
        "name": "Iterations"
    }
},
{
    "pk": 5, 
    "model": "firstapp.course", 
    "fields": {
        "content": "documents/part_4.pdf", 
        "name": "Arrays and Structures"
    }
},
{
    "pk": 9, 
    "model": "firstapp.course", 
    "fields": {
        "content": "documents/dummy_3", 
        "name": "foundation"
    }
},
{
    "pk": 10, 
    "model": "firstapp.student", 
    "fields": {
        "prev_course": 3, 
        "content_preference": "pdf", 
        "name": "student1", 
        "user": 24
    }
},
{
    "pk": 11, 
    "model": "firstapp.student", 
    "fields": {
        "prev_course": 3, 
        "content_preference": "pdf", 
        "name": "student2", 
        "user": 25
    }
},
{
    "pk": 46, 
    "model": "firstapp.studentstate", 
    "fields": {
        "unknown": "0.00", 
        "KL": "0.60", 
        "course": 2, 
        "student": 10, 
        "known": "0.00", 
        "learned": "0.00", 
        "unsat_known": "1.00"
    }
},
{
    "pk": 47, 
    "model": "firstapp.studentstate", 
    "fields": {
        "unknown": "0.00", 
        "KL": "1.00", 
        "course": 3, 
        "student": 10, 
        "known": "0.00", 
        "learned": "1.00", 
        "unsat_known": "0.00"
    }
},
{
    "pk": 48, 
    "model": "firstapp.studentstate", 
    "fields": {
        "unknown": "1.00", 
        "KL": "0.20", 
        "course": 4, 
        "student": 10, 
        "known": "0.00", 
        "learned": "0.00", 
        "unsat_known": "0.00"
    }
},
{
    "pk": 49, 
    "model": "firstapp.studentstate", 
    "fields": {
        "unknown": "1.00", 
        "KL": "0.40", 
        "course": 5, 
        "student": 10, 
        "known": "0.00", 
        "learned": "0.00", 
        "unsat_known": "0.00"
    }
},
{
    "pk": 50, 
    "model": "firstapp.studentstate", 
    "fields": {
        "unknown": "0.00", 
        "KL": "1.00", 
        "course": 9, 
        "student": 10, 
        "known": "0.00", 
        "learned": "1.00", 
        "unsat_known": "0.00"
    }
},
{
    "pk": 51, 
    "model": "firstapp.studentstate", 
    "fields": {
        "unknown": "0.00", 
        "KL": "0.60", 
        "course": 2, 
        "student": 11, 
        "known": "0.00", 
        "learned": "0.00", 
        "unsat_known": "1.00"
    }
},
{
    "pk": 52, 
    "model": "firstapp.studentstate", 
    "fields": {
        "unknown": "0.00", 
        "KL": "1.00", 
        "course": 3, 
        "student": 11, 
        "known": "0.00", 
        "learned": "1.00", 
        "unsat_known": "0.00"
    }
},
{
    "pk": 53, 
    "model": "firstapp.studentstate", 
    "fields": {
        "unknown": "1.00", 
        "KL": "0.20", 
        "course": 4, 
        "student": 11, 
        "known": "0.00", 
        "learned": "0.00", 
        "unsat_known": "0.00"
    }
},
{
    "pk": 54, 
    "model": "firstapp.studentstate", 
    "fields": {
        "unknown": "1.00", 
        "KL": "0.40", 
        "course": 5, 
        "student": 11, 
        "known": "0.00", 
        "learned": "0.00", 
        "unsat_known": "0.00"
    }
},
{
    "pk": 55, 
    "model": "firstapp.studentstate", 
    "fields": {
        "unknown": "0.00", 
        "KL": "1.00", 
        "course": 9, 
        "student": 11, 
        "known": "0.00", 
        "learned": "1.00", 
        "unsat_known": "0.00"
    }
},
{
    "pk": 31, 
    "model": "firstapp.coursedependency", 
    "fields": {
        "course_target": 9, 
        "total_stu": 0, 
        "course_source": 2, 
        "average_change": "0.00", 
        "value": "0.00"
    }
},
{
    "pk": 32, 
    "model": "firstapp.coursedependency", 
    "fields": {
        "course_target": 2, 
        "total_stu": 0, 
        "course_source": 9, 
        "average_change": "0.00", 
        "value": "0.00"
    }
},
{
    "pk": 33, 
    "model": "firstapp.coursedependency", 
    "fields": {
        "course_target": 9, 
        "total_stu": 0, 
        "course_source": 3, 
        "average_change": "0.00", 
        "value": "0.00"
    }
},
{
    "pk": 34, 
    "model": "firstapp.coursedependency", 
    "fields": {
        "course_target": 3, 
        "total_stu": 2, 
        "course_source": 9, 
        "average_change": "0.55", 
        "value": "0.00"
    }
},
{
    "pk": 35, 
    "model": "firstapp.coursedependency", 
    "fields": {
        "course_target": 9, 
        "total_stu": 0, 
        "course_source": 4, 
        "average_change": "0.00", 
        "value": "0.00"
    }
},
{
    "pk": 36, 
    "model": "firstapp.coursedependency", 
    "fields": {
        "course_target": 4, 
        "total_stu": 0, 
        "course_source": 9, 
        "average_change": "0.00", 
        "value": "0.00"
    }
},
{
    "pk": 37, 
    "model": "firstapp.coursedependency", 
    "fields": {
        "course_target": 9, 
        "total_stu": 0, 
        "course_source": 5, 
        "average_change": "0.00", 
        "value": "0.00"
    }
},
{
    "pk": 38, 
    "model": "firstapp.coursedependency", 
    "fields": {
        "course_target": 5, 
        "total_stu": 0, 
        "course_source": 9, 
        "average_change": "0.00", 
        "value": "0.00"
    }
},
{
    "pk": 39, 
    "model": "firstapp.coursedependency", 
    "fields": {
        "course_target": 4, 
        "total_stu": 0, 
        "course_source": 3, 
        "average_change": "0.00", 
        "value": "0.20"
    }
},
{
    "pk": 40, 
    "model": "firstapp.coursedependency", 
    "fields": {
        "course_target": 5, 
        "total_stu": 0, 
        "course_source": 3, 
        "average_change": "0.00", 
        "value": "0.40"
    }
},
{
    "pk": 41, 
    "model": "firstapp.coursedependency", 
    "fields": {
        "course_target": 2, 
        "total_stu": 0, 
        "course_source": 3, 
        "average_change": "0.00", 
        "value": "0.60"
    }
},
{
    "pk": 42, 
    "model": "firstapp.coursedependency", 
    "fields": {
        "course_target": 3, 
        "total_stu": 0, 
        "course_source": 2, 
        "average_change": "0.00", 
        "value": "0.50"
    }
},
{
    "pk": 43, 
    "model": "firstapp.coursedependency", 
    "fields": {
        "course_target": 4, 
        "total_stu": 0, 
        "course_source": 2, 
        "average_change": "0.00", 
        "value": "0.10"
    }
},
{
    "pk": 44, 
    "model": "firstapp.coursedependency", 
    "fields": {
        "course_target": 5, 
        "total_stu": 0, 
        "course_source": 2, 
        "average_change": "0.00", 
        "value": "0.30"
    }
},
{
    "pk": 45, 
    "model": "firstapp.coursedependency", 
    "fields": {
        "course_target": 2, 
        "total_stu": 0, 
        "course_source": 4, 
        "average_change": "0.00", 
        "value": "0.80"
    }
},
{
    "pk": 46, 
    "model": "firstapp.coursedependency", 
    "fields": {
        "course_target": 3, 
        "total_stu": 0, 
        "course_source": 4, 
        "average_change": "0.00", 
        "value": "0.40"
    }
},
{
    "pk": 47, 
    "model": "firstapp.coursedependency", 
    "fields": {
        "course_target": 5, 
        "total_stu": 0, 
        "course_source": 4, 
        "average_change": "0.00", 
        "value": "0.70"
    }
},
{
    "pk": 48, 
    "model": "firstapp.coursedependency", 
    "fields": {
        "course_target": 2, 
        "total_stu": 0, 
        "course_source": 5, 
        "average_change": "0.00", 
        "value": "0.60"
    }
},
{
    "pk": 49, 
    "model": "firstapp.coursedependency", 
    "fields": {
        "course_target": 3, 
        "total_stu": 0, 
        "course_source": 5, 
        "average_change": "0.00", 
        "value": "0.40"
    }
},
{
    "pk": 50, 
    "model": "firstapp.coursedependency", 
    "fields": {
        "course_target": 4, 
        "total_stu": 0, 
        "course_source": 5, 
        "average_change": "0.00", 
        "value": "0.80"
    }
},
{
    "pk": 1, 
    "model": "firstapp.question", 
    "fields": {
        "question": "C programs are converted into machine language with the help of ", 
        "course": 2, 
        "answer": 2, 
        "option4": "None of the Above", 
        "option2": "Compiler", 
        "option3": "OS", 
        "option1": "Editor"
    }
},
{
    "pk": 2, 
    "model": "firstapp.question", 
    "fields": {
        "question": "A character variable can at a time store ", 
        "course": 2, 
        "answer": 1, 
        "option4": "None of the above", 
        "option2": "8 character", 
        "option3": "256 character", 
        "option1": "1 character"
    }
},
{
    "pk": 3, 
    "model": "firstapp.question", 
    "fields": {
        "question": "The maximum value that an integer constant can have is", 
        "course": 2, 
        "answer": 4, 
        "option4": "depends on the machine", 
        "option2": "32767", 
        "option3": "1.7014e+38", 
        "option1": "-32767"
    }
},
{
    "pk": 4, 
    "model": "firstapp.question", 
    "fields": {
        "question": "Which of the following is not a keyword in C ?", 
        "course": 2, 
        "answer": 3, 
        "option4": "case", 
        "option2": "char", 
        "option3": "print", 
        "option1": "for"
    }
},
{
    "pk": 5, 
    "model": "firstapp.question", 
    "fields": {
        "question": "main( )  \t\t{  \t\t\tint a = 300, b = 0, c = 10 ;  \t\t\tif ( a >= 400 )  \t\t\tb = 300 ;  \t\t\tc = 200 ;  \t\t\tprintf ( \"\\n%d %d\", b, c ) ; \t\t \t\t}", 
        "course": 3, 
        "answer": 4, 
        "option4": "None of the above", 
        "option2": "10 0", 
        "option3": "300 200", 
        "option1": "0 10"
    }
},
{
    "pk": 6, 
    "model": "firstapp.question", 
    "fields": {
        "question": " main( )  \t\t\t{  \t\t\tint   x = 10, y = 20 ;  \t\t\tx == 20 && y != 10 ? printf( \"True\" ) : printf( \"False\" ) ;  \t\t\t} ", 
        "course": 3, 
        "answer": 2, 
        "option4": "None of the Above", 
        "option2": "False", 
        "option3": "compilation error", 
        "option1": "True"
    }
},
{
    "pk": 7, 
    "model": "firstapp.question", 
    "fields": {
        "question": "main( )  \t\t\t{   \t\t\tint   k, num = 30 ;   \t\t\tk = ( num > 5 ? ( num <= 10 ? 100 : 200 ) : 500 ) ;   \t\t\tprintf ( \"\\n%d\", k ) ; \t\t\t}  ", 
        "course": 3, 
        "answer": 3, 
        "option4": "100", 
        "option2": "30", 
        "option3": "200", 
        "option1": "500"
    }
},
{
    "pk": 8, 
    "model": "firstapp.question", 
    "fields": {
        "question": "main( )  \t\t\t{ \t\t\tint x = 2;  \t\t\tif ( x == 2 && x != 0 )  \t\t\t\t{   printf( \"\\nHello\" ) ;   \t\t\t\t}  \t\t\telse    \t\t\t\tprintf( \"Bye\" ) ; } ", 
        "course": 3, 
        "answer": 1, 
        "option4": "segmentation fault", 
        "option2": "Bye", 
        "option3": "compilation error", 
        "option1": "Hello"
    }
},
{
    "pk": 9, 
    "model": "firstapp.question", 
    "fields": {
        "question": "How many times does the for loop iterate? \t\t\tfor ( i = 0; i< 10 ; i = i+2)", 
        "course": 4, 
        "answer": 1, 
        "option4": "11", 
        "option2": "10", 
        "option3": "6", 
        "option1": "5"
    }
},
{
    "pk": 10, 
    "model": "firstapp.question", 
    "fields": {
        "question": "In the following code : \t\t\tdo  \t\t\t{ \t\t\t\tprintf(\"Hello\"); \t\t\t} \t\t\twhile ( 4<1)", 
        "course": 4, 
        "answer": 1, 
        "option4": "depends on interpreter", 
        "option2": "hello will not be printed", 
        "option3": "depends on compiler", 
        "option1": "hello will be printed"
    }
},
{
    "pk": 11, 
    "model": "firstapp.question", 
    "fields": {
        "question": "main( ) {         float  x = 11 ;         char c = 'a';         while ( x == 11 )           {                 printf ( \"\\n %d %f\",c, x ) ;                    x = x - 1 ;          } }       ", 
        "course": 4, 
        "answer": 2, 
        "option4": " 65 11.0", 
        "option2": "97 11.0", 
        "option3": "65 11.0", 
        "option1": " datatype error mismatch"
    }
},
{
    "pk": 12, 
    "model": "firstapp.question", 
    "fields": {
        "question": " The value of variable \" count\" after the outer for loop is :\t \t\t\tint count = 0;\t \t\t\tfor ( i = 0; i < 5 ; i++) \t\t\t\tfor ( j = 0; j<10; j++) \t\t\t\t\tcount++;", 
        "course": 4, 
        "answer": 3, 
        "option4": "100", 
        "option2": "10", 
        "option3": "50", 
        "option1": "5"
    }
},
{
    "pk": 13, 
    "model": "firstapp.question", 
    "fields": {
        "question": "What will be the output of following code :          { \t\tint  num[26], temp ; \t\tnum[0] = 100 ;   \t\tnum[25] = 200 ; \t\ttemp = num[25] ; \t\tnum[25] = num[0] ; \t\tnum[0] = temp ; \t\tprintf ( \"\\n%d %d\", num[0], num[25] ) ; } ", 
        "course": 5, 
        "answer": 2, 
        "option4": "200 200", 
        "option2": "200 100", 
        "option3": "100 100", 
        "option1": "100 200 "
    }
},
{
    "pk": 14, 
    "model": "firstapp.question", 
    "fields": {
        "question": "What is the starting index of an array?", 
        "course": 5, 
        "answer": 4, 
        "option4": "0", 
        "option2": "2", 
        "option3": "3", 
        "option1": "1"
    }
},
{
    "pk": 15, 
    "model": "firstapp.question", 
    "fields": {
        "question": "When an array is passed from main function to other function through call by reference, \t\t   if the values of array elements in the function change, then the values in main ", 
        "course": 5, 
        "answer": 1, 
        "option4": "none of the above", 
        "option2": "don't change", 
        "option3": "change only in the case of call by value", 
        "option1": "change"
    }
},
{
    "pk": 16, 
    "model": "firstapp.question", 
    "fields": {
        "question": "The memory locations of consecutive elements are array are :", 
        "course": 5, 
        "answer": 1, 
        "option4": "differ by 8", 
        "option2": "differ by 2", 
        "option3": "differ by 6", 
        "option1": "consecutive"
    }
}
]
